architecture,time,run_id
0.0,102.33370971679688,0.0
1.0,121.19525909423828,0.0
2.0,140.37635803222656,0.0
