# Architecture,Mean test,Std test,Mean train,Std train
0.000000000000000000e+00,9.719999694824218750e+01,0.000000000000000000e+00,9.990000152587890625e+01,0.000000000000000000e+00
1.000000000000000000e+00,9.719999694824218750e+01,0.000000000000000000e+00,1.000000000000000000e+02,0.000000000000000000e+00
2.000000000000000000e+00,8.419999694824218750e+01,0.000000000000000000e+00,9.980000305175781250e+01,0.000000000000000000e+00
