architecture,time,run_id
0.0,11.518954277038574,0.0
0.0,11.477139472961426,1.0
0.0,11.589512825012207,2.0
0.0,11.653022766113281,3.0
0.0,11.792789459228516,4.0
1.0,27.338903427124023,0.0
1.0,27.42500114440918,1.0
1.0,28.334142684936523,2.0
1.0,28.829078674316406,3.0
1.0,29.279916763305664,4.0
2.0,7.422581672668457,0.0
2.0,7.458137512207031,1.0
2.0,7.488895893096924,2.0
2.0,7.553652286529541,3.0
2.0,7.494024276733398,4.0
