architecture,time,run_id
0.0,25.52647590637207,0.0
0.0,26.960336685180664,1.0
0.0,27.62321662902832,2.0
0.0,27.403213500976562,3.0
0.0,27.2850399017334,4.0
