architecture,time,run_id
0.0,9.809094429016113,0.0
0.0,9.704833030700684,1.0
0.0,9.711641311645508,2.0
0.0,9.737812042236328,3.0
0.0,10.46497631072998,4.0
