architecture,time,run_id
0.0,11.921570777893066,0.0
0.0,12.890486717224121,1.0
0.0,22.641983032226562,2.0
0.0,24.374650955200195,3.0
0.0,21.11818504333496,4.0
1.0,63.410430908203125,0.0
1.0,77.26078033447266,1.0
1.0,81.97200012207031,2.0
1.0,73.30847930908203,3.0
1.0,71.30958557128906,4.0
2.0,9.810526847839355,0.0
2.0,9.602498054504395,1.0
2.0,9.637453079223633,2.0
2.0,9.856195449829102,3.0
2.0,9.598387718200684,4.0
