architecture,time,run_id
0.0,47.81000518798828,0.0
0.0,47.976646423339844,1.0
0.0,48.730228424072266,2.0
0.0,48.65088653564453,3.0
0.0,53.54827880859375,4.0
0.0,53.49856948852539,5.0
0.0,53.0762825012207,6.0
0.0,48.93661880493164,7.0
0.0,51.861663818359375,8.0
0.0,49.878150939941406,9.0
0.0,51.91861343383789,10.0
0.0,53.01783752441406,11.0
0.0,51.79582595825195,12.0
0.0,53.21204376220703,13.0
0.0,48.01803207397461,14.0
