architecture,time,run_id
0.0,27.450469970703125,0.0
0.0,31.413103103637695,1.0
1.0,24.07721519470215,0.0
1.0,20.906007766723633,1.0
0.0,30.74323272705078,0.0
0.0,31.827327728271484,1.0
1.0,19.46866798400879,0.0
1.0,19.776317596435547,1.0
