architecture,time,run_id
0.0,55.52908706665039,0.0
1.0,115.17015075683594,0.0
2.0,33.51710891723633,0.0
