architecture,time,run_id
0.0,44.2763786315918,0.0
1.0,28.9869384765625,0.0
